-- phpMyAdmin SQL Dump
-- version 5.1.0
-- https://www.phpmyadmin.net/
--
-- Host: db
-- Generation Time: Feb 14, 2022 at 11:40 AM
-- Server version: 10.3.28-MariaDB-1:10.3.28+maria~focal
-- PHP Version: 7.4.16

SET SQL_MODE = "NO_AUTO_VALUE_ON_ZERO";
START TRANSACTION;
SET time_zone = "+00:00";


/*!40101 SET @OLD_CHARACTER_SET_CLIENT=@@CHARACTER_SET_CLIENT */;
/*!40101 SET @OLD_CHARACTER_SET_RESULTS=@@CHARACTER_SET_RESULTS */;
/*!40101 SET @OLD_COLLATION_CONNECTION=@@COLLATION_CONNECTION */;
/*!40101 SET NAMES utf8mb4 */;

--
-- Database: `devteam1_db`
--

-- --------------------------------------------------------

--
-- Table structure for table `DQS_Department`
--

CREATE TABLE `DQS_Department` (
  `dep_id` int(11) NOT NULL COMMENT 'จำนวน หน่วยงาน',
  `dep_name` varchar(100) COLLATE utf8mb4_unicode_ci NOT NULL COMMENT 'ชื่อหน่วยงาน',
  `dep_eng_name` varchar(100) COLLATE utf8mb4_unicode_ci NOT NULL COMMENT 'ชื่อหน่วยงานภาษาอังกฤษ'
) ENGINE=InnoDB DEFAULT CHARSET=utf8mb4 COLLATE=utf8mb4_unicode_ci;

--
-- Dumping data for table `DQS_Department`
--

INSERT INTO `DQS_Department` (`dep_id`, `dep_name`, `dep_eng_name`) VALUES
(1, 'บูรพา', 'Burapha'),
(2, 'สำนักงานจังหวัด', ' Provincial office'),
(3, 'สำนักงานสาธารณสุขจังหวัด', 'Provincial Public Health Office'),
(4, 'สำนักงานที่ดินจังหวัด', 'Provincial land office'),
(5, 'สำนักงานพัฒนาชุมชนจังหวัด', 'Provincial Community Development Office'),
(6, 'สำนักงานโยธาธิการและผังเมืองจังหวัด', 'Provincial Public Works and Town Planning Office'),
(7, 'เรือนจำจังหวัด', 'Provincial prison'),
(8, 'สำนักงานคลังจังหวัด', 'Provincial treasury office'),
(9, 'สำนักงานพาณิชย์จังหวัด', 'Provincial commercial office'),
(10, 'สำนักงานพัฒนาสังคมและความมั่นคงของมนุษย์จังหวัด', 'Provincial Social Development and Human Security Office'),
(11, 'สำนักงานแรงงานจังหวัด', 'Provincial Labor Office'),
(12, 'สำนักงานสวัสดิการและคุ้มครองแรงงานจังหวัด', 'Provincial Labor Protection and Welfare Office'),
(13, 'สำนักงานจัดหางานจังหวัด', 'Provincial employment office'),
(14, 'สำนักงานประกันสังคมจังหวัด', 'Provincial Social Security Office'),
(15, 'สำนักงานเกษตรและสหกรณ์จังหวัด', 'Provincial Agriculture and Cooperatives Office'),
(16, 'สำนักงานเกษตรจังหวัด', 'Provincial Agriculture Office'),
(17, 'สำนักงานปศุสัตว์จังหวัด', 'Provincial Livestock Office'),
(18, 'สำนักงานสหกรณ์จังหวัด', 'Provincial cooperative office'),
(19, 'สำนักงานปฏิรูปที่ดินจังหวัด', 'Provincial Land Reform Office'),
(20, 'สำนักงานประมงจังหวัด', 'Provincial Fisheries Office'),
(21, 'สำนักงานขนส่งจังหวัด', 'Provincial Transport Office'),
(22, 'สำนักงานประชาสัมพันธ์จังหวัด', 'Provincial Public Relations Office'),
(23, 'สำนักงานสถิติจังหวัด', ' Provincial Statistical Office'),
(24, 'สำนักงานทรัพยากรธรรมชาติและสิ่งแวดล้อมจังหวัด', 'Provincial Office of Natural Resources and Environment'),
(25, 'สำนักงานวัฒนธรรมจังหวัด', 'Provincial Cultural Office'),
(26, 'สำนักงานป้องกันและบรรเทาสาธารณภัยจังหวัด', 'Provincial Disaster Prevention and Mitigation Office'),
(27, 'สำนักงานบังคับคดีจังหวัด', ' Provincial Legal Execution Office'),
(28, 'สำนักงานพระพุทธศาสนาจังหวัด', 'Provincial Buddhism Office'),
(29, 'สำนักงานการท่องเที่ยวและกีฬาจังหวัด', 'Provincial Tourism and Sports Office'),
(30, 'สำนักงานส่งเสริมการปกครองส่วนท้องถิ่นจังหวัด', 'Provincial Local Administration Promotion Office'),
(31, 'สำนักงานพลังงานจังหวัด', ' Provincial energy office'),
(32, 'สำนักงานสัสดีจังหวัด', 'Provincial recruiting office'),
(33, 'สำนักงานยุติธรรมจังหวัด', 'Provincial justice office'),
(34, 'สำนักงานอุตสาหกรรมจังหวัด', 'Provincial Industrial Office'),
(35, 'สำนักงานคุมประพฤติจังหวัด', 'Provincial probation office'),
(36, 'หน่วยงานใหม่', 'New agency'),
(37, 'บูรพา2', ' Burapha 2'),
(38, 'สำนักการศึกษา2', 'Education Bureau 2'),
(39, 'สำนักการศึกษา3', 'Office of Education 3'),
(40, 'หน่วยงานจังหวัด', 'Provincial agency');

-- --------------------------------------------------------

--
-- Table structure for table `DQS_Document`
--

CREATE TABLE `DQS_Document` (
  `doc_id` int(11) NOT NULL,
  `doc_name` varchar(50) COLLATE utf8mb4_unicode_ci NOT NULL COMMENT 'ชื่อเอกสาร',
  `doc_type` varchar(50) COLLATE utf8mb4_unicode_ci DEFAULT NULL COMMENT 'ประเภทเอกสาร',
  `doc_view` int(11) DEFAULT NULL COMMENT 'จํานวนการเข้าดูเอกสาร',
  `doc_download` int(11) DEFAULT NULL COMMENT 'จํานวนการดาวน์โหลด',
  `doc_path` varchar(100) COLLATE utf8mb4_unicode_ci DEFAULT NULL COMMENT 'ตําแหน่งที่จัดเก็บเอกสาร',
  `doc_datetime` timestamp NOT NULL DEFAULT current_timestamp() COMMENT 'วันที่อัปโหลดเอกสาร',
  `doc_mem_id` int(11) DEFAULT NULL COMMENT 'รหัสสมาชิก',
  `doc_fol_id` int(11) DEFAULT NULL COMMENT 'รหัส folder'
) ENGINE=InnoDB DEFAULT CHARSET=utf8mb4 COLLATE=utf8mb4_unicode_ci;

--
-- Dumping data for table `DQS_Document`
--

INSERT INTO `DQS_Document` (`doc_id`, `doc_name`, `doc_type`, `doc_view`, `doc_download`, `doc_path`, `doc_datetime`, `doc_mem_id`, `doc_fol_id`) VALUES
(32, 'HW1', 'pdf', NULL, NULL, '/assets/users/SPK001/home/HW1.pdf', '2022-02-01 08:15:55', 1, NULL),
(33, 'HW2', 'pdf', NULL, NULL, '/assets/users/SPK001/home/HW2.pdf', '2022-02-01 08:19:21', 1, NULL),
(34, 'HW3', 'pdf', NULL, NULL, '/assets/users/SPK001/home/HW3.pdf', '2022-02-01 08:21:23', 1, NULL),
(35, 'HW4', 'pdf', NULL, NULL, '/assets/users/SPK001/home/HW4.pdf', '2022-02-01 08:24:09', 1, NULL),
(36, 'HW5', 'pdf', NULL, NULL, '/assets/users/SPK001/home/HW5.pdf', '2022-02-01 08:25:52', 1, NULL),
(37, 'HW6', 'pdf', NULL, NULL, '/assets/users/SPK001/home/HW6.pdf', '2022-02-01 08:28:36', 1, NULL),
(38, 'HW7', 'pdf', NULL, NULL, '/assets/users/SPK001/home/HW7.pdf', '2022-02-01 08:35:06', 1, NULL),
(39, 'HW8', 'pdf', NULL, NULL, '/assets/users/SPK001/home/HW8.pdf', '2022-02-01 08:37:22', 1, NULL),
(40, 'HW9', 'pdf', NULL, NULL, '/assets/users/SPK001/home/HW9.pdf', '2022-02-01 08:39:14', 1, NULL);

-- --------------------------------------------------------

--
-- Table structure for table `DQS_Folder`
--

CREATE TABLE `DQS_Folder` (
  `fol_id` int(11) NOT NULL COMMENT 'จำนวน folder',
  `fol_name` varchar(50) COLLATE utf8mb4_unicode_ci NOT NULL COMMENT 'ชื่อ folder',
  `fol_datetime` timestamp NULL DEFAULT current_timestamp() ON UPDATE current_timestamp() COMMENT 'วันที่ folder',
  `fol_location` varchar(100) COLLATE utf8mb4_unicode_ci NOT NULL COMMENT 'ตําแหน่ง folder',
  `fol_mem_id` int(11) DEFAULT NULL COMMENT 'รหัสสมาชิก',
  `fol_location_id` int(11) DEFAULT NULL COMMENT 'เก็บ id ของที่อยู่ folder'
) ENGINE=InnoDB DEFAULT CHARSET=utf8mb4 COLLATE=utf8mb4_unicode_ci;

--
-- Dumping data for table `DQS_Folder`
--

INSERT INTO `DQS_Folder` (`fol_id`, `fol_name`, `fol_datetime`, `fol_location`, `fol_mem_id`, `fol_location_id`) VALUES
(1, 'เอกสารราชการ', '2022-01-28 13:22:34', './assets/user/SPK001/เอกสารราชการ\r\n', 1, 0),
(2, 'เอกสารการประชุม', '2022-02-03 10:07:31', './assets/user/SPK001/เอกสารประชุม', 1, 0),
(3, 'เอกสารราชการ', '2022-01-28 13:23:31', './assets/user/KAB001/เอกสารราชการ', 2, 0),
(4, 'เอกสารการประชุม', '2022-02-03 10:07:42', './assets/user/KAB001/เอกสารประชุม', 2, 0),
(5, 'เอกสารราชการ', '2022-01-28 13:25:01', './assets/user/KAN001/เอกสารราชการ', 3, 0),
(6, 'เอกสารการประชุม', '2022-02-03 10:07:44', './assets/user/KAN001/เอกสารประชุม', 3, 0),
(7, 'เอกสารราชการ', '2022-01-28 13:25:01', './assets/user/KLS001/เอกสารราชการ', 4, 0),
(8, 'เอกสารการประชุม', '2022-02-03 10:07:47', './assets/user/KLS001/เอกสารประชุม', 4, 0),
(9, 'เอกสารราชการ', '2022-01-28 13:25:01', './assets/user/SKN001/เอกสารราชการ', 5, 0),
(10, 'เอกสารการประชุม', '2022-02-03 10:07:48', './assets/user/SKN001/เอกสารประชุม', 5, 0),
(11, 'เอกสารราชการ', '2022-01-28 13:25:01', './assets/user/KPP001/เอกสารราชการ', 6, 0),
(12, 'เอกสารการประชุม', '2022-02-03 10:07:50', './assets/user/KPP001/เอกสารประชุม', 6, 0),
(13, 'เอกสารราชการ', '2022-01-28 13:25:01', './assets/user/KHK001/เอกสารราชการ', 7, 0),
(14, 'เอกสารการประชุม', '2022-02-03 10:07:52', './assets/user/KHK001/เอกสารประชุม', 7, 0),
(15, 'เอกสารราชการ', '2022-01-28 13:28:36', './assets/user/CTB001/เอกสารราชการ', 8, 0),
(16, 'เอกสารการประชุม', '2022-02-03 10:07:54', './assets/user/CTB001/เอกสารประชุม', 8, 0),
(17, 'เอกสารราชการ', '2022-01-28 13:28:36', './assets/user/CCS001/เอกสารราชการ', 9, 0),
(18, 'เอกสารการประชุม', '2022-02-03 10:07:55', './assets/user/CCS001/เอกสารประชุม', 9, 0),
(19, 'เอกสารราชการ', '2022-01-28 13:30:22', './assets/user/CHB001/เอกสารราชการ', 10, 0),
(20, 'เอกสารการประชุม', '2022-02-03 10:07:57', './assets/user/CHB001/เอกสารประชุม', 10, 0),
(21, 'เอกสารราชการ', '2022-01-28 13:30:22', './assets/user/CHN001/เอกสารราชการ', 11, 0),
(22, 'เอกสารการประชุม', '2022-02-03 10:07:59', './assets/user/CHN001/เอกสารประชุม', 11, 0),
(23, 'เอกสารราชการ', '2022-01-28 13:41:46', './assets/user/NBL001ad/เอกสารราชการ', 12, 0),
(24, 'เอกสารการประชุม', '2022-02-03 10:08:03', './assets/user/NBL001ad/เอกสารประชุม', 12, 0),
(25, 'เอกสารราชการ', '2022-01-28 13:41:51', './assets/user/PCB001ad/เอกสารราชการ', 13, 0),
(26, 'เอกสารการประชุม', '2022-02-03 10:08:07', './assets/user/PCB001ad/เอกสารประชุม', 13, 0),
(27, 'เอกสารราชการ', '2022-01-28 13:41:53', './assets/user/LPH001ad/เอกสารราชการ', 14, 0),
(28, 'เอกสารการประชุม', '2022-02-03 10:08:12', './assets/user/LPH001ad/เอกสารประชุม', 14, 0);

-- --------------------------------------------------------

--
-- Table structure for table `DQS_Member`
--

CREATE TABLE `DQS_Member` (
  `mem_id` int(11) NOT NULL COMMENT 'จำนวนสมาชิก',
  `mem_firstname` varchar(50) COLLATE utf8mb4_unicode_ci NOT NULL COMMENT 'ชื่อจริง',
  `mem_lastname` varchar(50) COLLATE utf8mb4_unicode_ci NOT NULL COMMENT 'นามสกุล',
  `mem_email` varchar(50) COLLATE utf8mb4_unicode_ci NOT NULL COMMENT 'อีเมล',
  `mem_username` varchar(50) COLLATE utf8mb4_unicode_ci DEFAULT NULL COMMENT 'ชื่อสมาชิก',
  `mem_password` varchar(50) COLLATE utf8mb4_unicode_ci DEFAULT NULL COMMENT 'รหัสผ่าน',
  `mem_role` tinyint(1) DEFAULT NULL COMMENT 'ตําแหน่งของสมาชิก',
  `mem_time_in` timestamp NOT NULL DEFAULT current_timestamp() ON UPDATE current_timestamp() COMMENT 'เวลาที่เข้าสู่ระบบ',
  `mem_time_out` timestamp NOT NULL DEFAULT current_timestamp() ON UPDATE current_timestamp() COMMENT 'เวลาที่ออกจากระบบ',
  `mem_dep_id` int(11) NOT NULL COMMENT 'รหัสหน่วยงาน',
  `mem_pref_id` tinyint(1) NOT NULL COMMENT 'รหัสคํานําหน้าชื่อ',
  `mem_pro_id` int(3) NOT NULL COMMENT 'รหัสจังหวัด'
) ENGINE=InnoDB DEFAULT CHARSET=utf8mb4 COLLATE=utf8mb4_unicode_ci;

--
-- Dumping data for table `DQS_Member`
--

INSERT INTO `DQS_Member` (`mem_id`, `mem_firstname`, `mem_lastname`, `mem_email`, `mem_username`, `mem_password`, `mem_role`, `mem_time_in`, `mem_time_out`, `mem_dep_id`, `mem_pref_id`, `mem_pro_id`) VALUES
(1, 'กฤษฎา', 'ปาลพันธุ์', '62160147@hotmail.com', 'SPK001', 'c30eb2ef720fe99ae308b8d96f3e02bc', 0, '2022-01-28 12:54:58', '2022-01-28 12:54:58', 2, 1, 2),
(2, 'พงศ์ธร', 'จอสูงเนิน', '62160332@hotmail.com', 'KAB001', '832a0aef52b5b70179e291bebee62e65', 0, '2022-01-28 12:54:54', '2022-01-28 12:54:54', 2, 1, 64),
(3, 'ณัฐรุจา', 'คะปัญญา', '62160152@hotmail.com', 'KAN001', 'aeac1a70723cf418ead30af1ffdba919', 0, '2022-01-28 12:55:19', '2022-01-28 12:55:19', 3, 3, 56),
(4, 'อรธิชา ', 'ชุนกิจ', '62160343@hotmail.com', 'KLS001', '7f50599ccea3c8c5c147a6f19d2feafa', 0, '2022-01-28 12:55:34', '2022-01-28 12:55:34', 4, 3, 34),
(5, 'ภูมิพัฒน์', 'เกตุสุวรรณ์', '62160333@hotmail.com', 'SKN001', 'e9190b9723d6f6dfb152db465fbc6ff9', 0, '2022-01-28 12:55:57', '2022-01-28 12:55:57', 5, 1, 35),
(6, 'เกียรติศักดิ์', 'พุ่มจันทร์', '62160075@hotmail.com', 'KPP001', '7b9fc60627eed7525c1303918534d5f5', 0, '2022-01-28 12:56:09', '2022-01-28 12:56:09', 6, 1, 49),
(7, 'จีรศักดิ์ ', 'บุญธรรม', '62160078@hotmail.com', 'KHK001', '66ee4904a64d8c90eb05b32489add8c3', 0, '2022-01-28 12:56:24', '2022-01-28 12:56:24', 7, 1, 28),
(8, 'อชิรวัชร์', 'สิริโชติกุลพงษ์', '62160115@hotmail.com', 'CTB001', 'b3ce234c3654a649e1be9071ce07cf5d', 0, '2022-01-28 12:56:38', '2022-01-28 12:56:38', 8, 1, 13),
(9, 'ชัญญาพัชญ์', 'อาภรณ์หิรัญ', '62160080@hotmail.com', 'CCS001', '6a73acfcf7250bb00e0016f6beb939e0', 0, '2022-01-28 12:56:53', '2022-01-28 12:56:53', 9, 3, 15),
(10, 'อภิญญา', 'สิงห์รักษ์', '62160342@hotmail.com', 'CHB001', '370cbebd338f8fbdcd69acb9a03993c4', 0, '2022-01-28 12:57:10', '2022-01-28 12:57:10', 10, 3, 11),
(11, 'รัชนีกร', 'ป้อชุมภู', '62160335@hotmail.com', 'CHN001', 'c093a90c7fc78e7a12470111e4ae7dcf', 0, '2022-01-28 12:57:18', '2022-01-28 12:57:18', 11, 3, 9),
(12, 'พงศ์ธร', 'จอสูงเนิน', '62160332ad@hotmail.com', 'NBL001ad', '832a0aef52b5b70179e291bebee62e65', 1, '2022-01-28 13:02:36', '2022-01-28 13:02:36', 13, 1, 27),
(13, 'ภูมิพัฒน์', 'เกตุสุวรรณ์', '62160333ad@hotmail.com', 'PCB001ad', 'e9190b9723d6f6dfb152db465fbc6ff9', 1, '2022-01-28 13:03:00', '2022-01-28 13:03:00', 14, 1, 54),
(14, 'เกียรติศักดิ์', 'พุ่มจันทร์', '62160075ad@hotmail.com', 'LPH001ad', '7b9fc60627eed7525c1303918534d5f5', 1, '2022-01-28 13:02:55', '2022-01-28 13:02:55', 15, 1, 39);

-- --------------------------------------------------------

--
-- Table structure for table `DQS_Prefix`
--

CREATE TABLE `DQS_Prefix` (
  `pref_id` int(1) NOT NULL COMMENT 'รหัสคํานําหน้า',
  `perf_name` varchar(50) CHARACTER SET utf8mb4 COLLATE utf8mb4_unicode_ci NOT NULL COMMENT 'ชื่อคํานําหน้า'
) ENGINE=InnoDB DEFAULT CHARSET=latin1;

--
-- Dumping data for table `DQS_Prefix`
--

INSERT INTO `DQS_Prefix` (`pref_id`, `perf_name`) VALUES
(1, 'นาย'),
(2, 'นาง'),
(3, 'นางสาว');

-- --------------------------------------------------------

--
-- Table structure for table `DQS_Province`
--

CREATE TABLE `DQS_Province` (
  `pro_id` int(3) NOT NULL COMMENT 'รหัสจังหวัด',
  `pro_name` varchar(50) COLLATE utf8mb4_unicode_ci DEFAULT NULL COMMENT 'ชื่อจังหวัด',
  `pro_short` varchar(3) COLLATE utf8mb4_unicode_ci DEFAULT NULL COMMENT 'อักษรย่อของจังหวัด'
) ENGINE=InnoDB DEFAULT CHARSET=utf8mb4 COLLATE=utf8mb4_unicode_ci;

--
-- Dumping data for table `DQS_Province`
--

INSERT INTO `DQS_Province` (`pro_id`, `pro_name`, `pro_short`) VALUES
(1, 'กรุงเทพมหานคร', 'BKK'),
(2, 'สมุทรปราการ', 'SPK'),
(3, 'นนทบุรี', 'NTB'),
(4, 'ปทุมธานี', 'PTN'),
(5, 'พระนครศรีอยุธยา', 'AYU'),
(6, 'อ่างทอง', 'ART'),
(7, 'ลพบุรี', 'LBR'),
(8, 'สิงห์บุรี', 'SBR'),
(9, 'ชัยนาท', 'CHN'),
(10, 'สระบุรี', 'SRB'),
(11, 'ชลบุรี', 'CHB'),
(12, 'ระยอง', 'RAY'),
(13, 'จันทบุรี', 'CTB'),
(14, 'ตราด', 'TRT'),
(15, 'ฉะเชิงเทรา', 'CCS'),
(16, 'ปราจีนบุรี', 'PRC'),
(17, 'นครนายก', 'NKN'),
(18, 'สระแก้ว', 'SKA'),
(19, 'นครราชสีมา', 'NKR'),
(20, 'บุรีรัมย์', 'BRR'),
(21, 'สุรินทร์', 'SUR'),
(22, 'ศรีสะเกษ', 'SSK'),
(23, 'อุบลราชธานี', 'UBR'),
(24, 'ยโสธร', 'YST'),
(25, 'ชัยภูมิ', 'CHY'),
(26, 'อำนาจเจริญ', 'ANC'),
(27, 'หนองบัวลำภู', 'NBL'),
(28, 'ขอนแก่น', 'KHK'),
(29, 'อุดรธานี', 'UDT'),
(30, 'เลย', 'LOE'),
(31, 'หนองคาย', 'NKH'),
(32, 'มหาสารคาม', 'MSK'),
(33, 'ร้อยเอ็ด', 'ROE'),
(34, 'กาฬสินธุ์', 'KLS'),
(35, 'สกลนคร', 'SKN'),
(36, 'นครพนม', 'NKP'),
(37, 'มุกดาหาร', 'MDH'),
(38, 'เชียงใหม่', 'CHM'),
(39, 'ลำพูน', 'LPH'),
(40, 'ลำปาง', 'LMP'),
(41, 'อุตรดิตถ์', 'UTD'),
(42, 'แพร่', 'PHE'),
(43, 'น่าน', 'NAN'),
(44, 'พะเยา', 'PHY'),
(45, 'เชียงราย', 'CHR'),
(46, 'แม่ฮ่องสอน', 'MHS'),
(47, 'นครสวรรค์', 'NKS'),
(48, 'อุทัยธานี', 'UTT'),
(49, 'กำแพงเพชร', 'KPP'),
(50, 'ตาก', 'TAK'),
(51, 'สุโขทัย', 'SKT'),
(52, 'พิษณุโลก', 'PNL'),
(53, 'พิจิตร', 'PCH'),
(54, 'เพชรบูรณ์', 'PCB'),
(55, 'ราชบุรี', 'RCB'),
(56, 'กาญจนบุรี', 'KAN'),
(57, 'สุพรรณบุรี', 'SPB'),
(58, 'นครปฐม', 'NPT'),
(59, 'สมุทรสาคร', 'SMK'),
(60, 'สมุทรสงคราม', 'SMS'),
(61, 'เพชรบุรี', 'PBR'),
(62, 'ประจวบคีรีขันธ์', 'PKK'),
(63, 'นครศรีธรรมราช', 'NST'),
(64, 'กระบี่', 'KAB'),
(65, 'พังงา', 'PHG'),
(66, 'ภูเก็ต', 'PHK'),
(67, 'สุราษฎร์ธานี', 'SRT'),
(68, 'ระนอง', 'RNG'),
(69, 'ชุมพร', 'CHP'),
(70, 'สงขลา', 'SKL'),
(71, 'สตูล', 'STU'),
(72, 'ตรัง', 'TRA'),
(73, 'พัทลุง', 'PTL'),
(74, 'ปัตตานี', 'PAT'),
(75, 'ยะลา', 'YAL'),
(76, 'นราธิวาส', 'NTW'),
(77, 'บึงกาฬ', 'BUK');

-- --------------------------------------------------------

--
-- Table structure for table `DQS_Qrcode`
--

CREATE TABLE `DQS_Qrcode` (
  `qr_id` int(11) NOT NULL COMMENT 'จำนวน QR',
  `qr_name` varchar(50) COLLATE utf8mb4_unicode_ci DEFAULT NULL COMMENT 'ชื่อ QR',
  `qr_view` int(11) DEFAULT NULL COMMENT 'จํานวนการเข้าดู',
  `qr_download` int(11) DEFAULT NULL COMMENT 'จํานวนการดาวน์โหลด',
  `qr_datetime` timestamp NULL DEFAULT NULL ON UPDATE current_timestamp() COMMENT 'วันที่สร้าง QR',
  `qr_path` varchar(100) COLLATE utf8mb4_unicode_ci NOT NULL COMMENT 'ตําแหน่งที่จัดเก็บเอกสาร',
  `qr_mem_id` int(11) DEFAULT NULL COMMENT 'QR ของสมาชิก',
  `qr_doc_id` int(11) DEFAULT NULL COMMENT 'รหัสเอกสาร'
) ENGINE=InnoDB DEFAULT CHARSET=utf8mb4 COLLATE=utf8mb4_unicode_ci;

--
-- Dumping data for table `DQS_Qrcode`
--

INSERT INTO `DQS_Qrcode` (`qr_id`, `qr_name`, `qr_view`, `qr_download`, `qr_datetime`, `qr_path`, `qr_mem_id`, `qr_doc_id`) VALUES
(28, 'HW1', NULL, NULL, NULL, '/assets/users/SPK001/home/HW1.jpeg', 1, NULL),
(29, 'HW1', NULL, NULL, NULL, '/assets/users/SPK001/home/HW1.jpeg', 1, NULL),
(30, 'HW5', NULL, NULL, NULL, '/assets/users/SPK001/home/HW5.jpeg', 1, NULL),
(31, 'HW5', NULL, NULL, NULL, '/assets/users/SPK001/home/HW5.jpeg', 1, NULL),
(32, 'HW7', NULL, NULL, NULL, '/assets/users/SPK001/home/HW7.jpeg', 1, NULL),
(33, 'HW8', NULL, NULL, NULL, '/assets/users/SPK001/home/HW8.jpeg', 1, NULL),
(34, 'HW9', NULL, NULL, NULL, '/assets/users/SPK001/home/HW9.jpeg', 1, NULL);

-- --------------------------------------------------------

--
-- Table structure for table `DQS_Station_State_of_Province`
--

CREATE TABLE `DQS_Station_State_of_Province` (
  `station_id` int(11) NOT NULL COMMENT 'รหัสตําแหน่ง',
  `station_status` tinyint(1) NOT NULL COMMENT 'สถานะหน่วยงาน',
  `station_pro_id` int(3) NOT NULL COMMENT 'รหัสจังหวัด',
  `station_dep_id` int(11) NOT NULL COMMENT 'รหัสหน่วยงาน'
) ENGINE=InnoDB DEFAULT CHARSET=latin1;

--
-- Dumping data for table `DQS_Station_State_of_Province`
--

INSERT INTO `DQS_Station_State_of_Province` (`station_id`, `station_status`, `station_pro_id`, `station_dep_id`) VALUES
(1, 1, 1, 1),
(2, 1, 1, 2),
(3, 1, 1, 3),
(4, 1, 1, 4),
(5, 1, 1, 5),
(6, 1, 1, 6),
(7, 1, 1, 7),
(8, 1, 1, 8),
(9, 1, 1, 9),
(10, 1, 1, 10),
(11, 1, 1, 11),
(12, 1, 1, 12),
(13, 1, 1, 13),
(14, 1, 1, 14),
(15, 1, 1, 15),
(16, 1, 1, 16),
(17, 1, 1, 17),
(18, 1, 1, 18),
(19, 1, 1, 19),
(20, 1, 1, 20),
(21, 1, 1, 21),
(22, 1, 1, 22),
(23, 1, 1, 23),
(24, 1, 1, 24),
(25, 1, 1, 25),
(26, 1, 2, 1),
(27, 1, 2, 2),
(28, 1, 2, 3),
(29, 1, 2, 4),
(30, 1, 2, 5),
(31, 1, 2, 6),
(32, 1, 2, 7),
(33, 1, 2, 8),
(34, 1, 2, 9),
(35, 1, 2, 10),
(36, 1, 2, 11),
(37, 1, 2, 12),
(38, 1, 2, 13),
(39, 1, 2, 14),
(40, 1, 2, 15),
(41, 1, 2, 16),
(42, 1, 2, 17),
(43, 1, 2, 18),
(44, 1, 2, 19),
(45, 1, 2, 20),
(46, 1, 2, 21),
(47, 1, 2, 22),
(48, 1, 2, 23),
(49, 1, 2, 24),
(50, 1, 2, 25),
(51, 1, 3, 1),
(52, 1, 3, 2),
(53, 1, 3, 3),
(54, 1, 3, 4),
(55, 1, 3, 5),
(56, 1, 3, 6),
(57, 1, 3, 7),
(58, 1, 3, 8),
(59, 1, 3, 9),
(60, 1, 3, 10),
(61, 1, 3, 11),
(62, 1, 3, 12),
(63, 1, 3, 13),
(64, 1, 3, 14),
(65, 1, 3, 15),
(66, 1, 3, 16),
(67, 1, 3, 17),
(68, 1, 3, 18),
(69, 1, 3, 19),
(70, 1, 3, 20),
(71, 1, 3, 21),
(72, 1, 3, 22),
(73, 1, 3, 23),
(74, 1, 3, 24),
(75, 1, 3, 25),
(76, 1, 4, 1),
(77, 1, 4, 2),
(78, 1, 4, 3),
(79, 1, 4, 4),
(80, 1, 4, 5),
(81, 1, 4, 6),
(82, 1, 4, 7),
(83, 1, 4, 8),
(84, 1, 4, 9),
(85, 1, 4, 10),
(86, 1, 4, 11),
(87, 1, 4, 12),
(88, 1, 4, 13),
(89, 1, 4, 14),
(90, 1, 4, 15),
(91, 1, 4, 16),
(92, 1, 4, 17),
(93, 1, 4, 18),
(94, 1, 4, 19),
(95, 1, 4, 20),
(96, 1, 4, 21),
(97, 1, 4, 22),
(98, 1, 4, 23),
(99, 1, 4, 24),
(100, 1, 4, 25),
(101, 1, 5, 1),
(102, 1, 5, 2),
(103, 1, 5, 3),
(104, 1, 5, 4),
(105, 1, 5, 5),
(106, 1, 5, 6),
(107, 1, 5, 7),
(108, 1, 5, 8),
(109, 1, 5, 9),
(110, 1, 5, 10),
(111, 1, 5, 11),
(112, 1, 5, 12),
(113, 1, 5, 13),
(114, 1, 5, 14),
(115, 1, 5, 15),
(116, 1, 5, 16),
(117, 1, 5, 17),
(118, 1, 5, 18),
(119, 1, 5, 19),
(120, 1, 5, 20),
(121, 1, 5, 21),
(122, 1, 5, 22),
(123, 1, 5, 231),
(124, 1, 5, 24),
(125, 1, 5, 25),
(126, 1, 6, 1),
(127, 1, 6, 2),
(128, 1, 6, 3),
(129, 1, 6, 4),
(130, 1, 6, 5),
(131, 1, 6, 6),
(132, 1, 6, 7),
(133, 1, 6, 8),
(134, 1, 6, 9),
(135, 1, 6, 10),
(136, 1, 6, 11),
(137, 1, 6, 12),
(138, 1, 6, 13),
(139, 1, 6, 14),
(140, 1, 6, 15),
(141, 1, 6, 16),
(142, 1, 6, 17),
(143, 1, 6, 18),
(144, 1, 6, 19),
(145, 1, 6, 20),
(146, 1, 6, 21),
(147, 1, 6, 22),
(148, 1, 6, 23),
(149, 1, 6, 24),
(150, 1, 6, 25),
(151, 1, 7, 1),
(152, 1, 7, 2),
(153, 1, 7, 3),
(154, 1, 7, 4),
(155, 1, 7, 5),
(156, 1, 7, 6),
(157, 1, 7, 7),
(158, 1, 7, 8),
(159, 1, 7, 9),
(160, 1, 7, 10),
(161, 1, 7, 11),
(162, 1, 7, 12),
(163, 1, 7, 13),
(164, 1, 7, 14),
(165, 1, 7, 15),
(166, 1, 7, 16),
(167, 1, 7, 18),
(168, 1, 7, 19),
(169, 1, 7, 19),
(170, 1, 7, 20),
(171, 1, 7, 21),
(172, 1, 7, 22),
(173, 1, 7, 23),
(174, 1, 7, 24),
(175, 1, 7, 25),
(176, 1, 8, 1),
(177, 1, 8, 2),
(178, 1, 8, 3),
(179, 1, 8, 4),
(180, 1, 8, 5),
(181, 1, 8, 6),
(182, 1, 8, 7),
(183, 1, 8, 8),
(184, 1, 8, 9),
(185, 1, 8, 10),
(186, 1, 8, 11),
(187, 1, 8, 12),
(188, 1, 8, 13),
(189, 1, 8, 14),
(190, 1, 8, 15),
(191, 1, 8, 16),
(192, 1, 8, 17),
(193, 1, 8, 18),
(194, 1, 8, 19),
(195, 1, 8, 20),
(196, 1, 8, 21),
(197, 1, 8, 22),
(198, 1, 8, 23),
(199, 1, 8, 24),
(200, 1, 8, 25),
(201, 1, 9, 1),
(202, 1, 9, 2),
(203, 1, 9, 3),
(204, 1, 9, 4),
(205, 1, 9, 5),
(206, 1, 9, 6),
(207, 1, 9, 7),
(208, 1, 9, 8),
(209, 1, 9, 9),
(210, 1, 9, 10),
(211, 1, 9, 11),
(212, 1, 9, 12),
(213, 1, 9, 13),
(214, 1, 9, 14),
(215, 1, 9, 15),
(216, 1, 9, 16),
(217, 1, 9, 17),
(218, 1, 9, 18),
(219, 1, 9, 19),
(220, 1, 9, 20),
(221, 1, 9, 21),
(222, 1, 9, 22),
(223, 1, 9, 23),
(224, 1, 9, 24),
(225, 1, 9, 25),
(226, 1, 10, 1),
(227, 1, 10, 2),
(228, 1, 10, 3),
(229, 1, 10, 4),
(230, 1, 10, 5),
(231, 1, 10, 6),
(232, 1, 10, 7),
(233, 1, 10, 8),
(234, 1, 10, 9),
(235, 1, 10, 10),
(236, 1, 10, 11),
(237, 1, 10, 12),
(238, 1, 10, 13),
(239, 1, 10, 14),
(240, 1, 10, 15),
(241, 1, 10, 16),
(242, 1, 10, 17),
(243, 1, 10, 18),
(244, 1, 10, 19),
(245, 1, 10, 20),
(246, 1, 10, 21),
(247, 1, 10, 22),
(248, 1, 10, 23),
(249, 1, 10, 24),
(250, 1, 10, 25),
(251, 1, 11, 1),
(252, 1, 11, 2),
(253, 1, 11, 3),
(254, 1, 11, 4),
(255, 1, 11, 5),
(256, 1, 11, 6),
(257, 1, 11, 7),
(258, 1, 11, 8),
(259, 1, 11, 9),
(260, 1, 11, 10),
(261, 1, 11, 11),
(262, 1, 11, 12),
(263, 1, 11, 13),
(264, 1, 11, 14),
(265, 1, 11, 15),
(266, 1, 11, 16),
(267, 1, 11, 17),
(268, 1, 11, 18),
(269, 1, 11, 19),
(270, 1, 11, 20),
(271, 1, 11, 21),
(272, 1, 11, 22),
(273, 1, 11, 23),
(274, 1, 11, 24),
(275, 1, 11, 25),
(276, 1, 12, 1),
(277, 1, 12, 2),
(278, 1, 12, 3),
(279, 1, 12, 4),
(280, 1, 12, 5),
(281, 1, 12, 6),
(282, 1, 12, 7),
(283, 1, 12, 8),
(284, 1, 12, 9),
(285, 1, 12, 10),
(286, 1, 12, 11),
(287, 1, 12, 12),
(288, 1, 12, 13),
(289, 1, 12, 14),
(290, 1, 12, 15),
(291, 1, 12, 16),
(292, 1, 12, 17),
(293, 1, 12, 18),
(294, 1, 12, 19),
(295, 1, 12, 20),
(296, 1, 12, 21),
(297, 1, 12, 22),
(298, 1, 12, 23),
(299, 1, 12, 24),
(300, 1, 12, 25),
(301, 1, 13, 1),
(302, 1, 13, 2),
(303, 1, 13, 3),
(304, 1, 13, 4),
(305, 1, 13, 5),
(306, 1, 13, 6),
(307, 1, 13, 7),
(308, 1, 13, 8),
(309, 1, 13, 9),
(310, 1, 13, 10),
(311, 1, 13, 11),
(312, 1, 13, 12),
(313, 1, 13, 13),
(314, 1, 13, 14),
(315, 1, 13, 15),
(316, 1, 13, 16),
(317, 1, 13, 17),
(318, 1, 13, 18),
(319, 1, 13, 19),
(320, 1, 13, 20),
(321, 1, 13, 21),
(322, 1, 13, 22),
(323, 1, 13, 23),
(324, 1, 13, 24),
(325, 1, 13, 25),
(326, 1, 14, 1),
(327, 1, 14, 2),
(328, 1, 14, 3),
(329, 1, 14, 4),
(330, 1, 14, 5),
(331, 1, 14, 6),
(332, 1, 14, 7),
(333, 1, 14, 8),
(334, 1, 14, 9),
(335, 1, 14, 10),
(336, 1, 14, 11),
(337, 1, 14, 12),
(338, 1, 14, 13),
(339, 1, 14, 14),
(340, 1, 14, 15),
(341, 1, 14, 16),
(342, 1, 14, 17),
(343, 1, 14, 18),
(344, 1, 14, 19),
(345, 1, 14, 20),
(346, 1, 14, 21),
(347, 1, 14, 22),
(348, 1, 14, 23),
(349, 1, 14, 24),
(350, 1, 14, 25),
(351, 1, 15, 1),
(352, 1, 15, 2),
(353, 1, 15, 3),
(354, 1, 15, 4),
(355, 1, 15, 5),
(356, 1, 15, 6),
(357, 1, 15, 7),
(358, 1, 15, 8),
(359, 1, 15, 9),
(360, 1, 15, 10),
(361, 1, 15, 11),
(362, 1, 15, 12),
(363, 1, 15, 13),
(364, 1, 15, 14),
(365, 1, 15, 15),
(366, 1, 15, 16),
(367, 1, 15, 17),
(368, 1, 15, 18),
(369, 1, 15, 19),
(370, 1, 15, 20),
(371, 1, 15, 21),
(372, 1, 15, 22),
(373, 1, 15, 23),
(374, 1, 15, 24),
(375, 1, 15, 25),
(427, 1, 16, 1),
(428, 1, 16, 2),
(429, 1, 16, 3),
(430, 1, 16, 4),
(431, 1, 16, 5),
(432, 1, 16, 6),
(433, 1, 16, 7),
(434, 1, 16, 8),
(435, 1, 16, 9),
(436, 1, 16, 10),
(437, 1, 16, 11),
(438, 1, 16, 12),
(439, 1, 16, 13),
(440, 1, 16, 14),
(441, 1, 16, 15),
(442, 1, 16, 16),
(443, 1, 16, 17),
(444, 1, 16, 18),
(445, 1, 16, 19),
(446, 1, 16, 20),
(447, 1, 16, 21),
(448, 1, 16, 22),
(449, 1, 16, 23),
(450, 1, 16, 24),
(451, 1, 16, 25),
(452, 1, 17, 1),
(453, 1, 17, 2),
(454, 1, 17, 3),
(455, 1, 17, 4),
(456, 1, 17, 5),
(457, 1, 17, 6),
(458, 1, 17, 7),
(459, 1, 17, 8),
(460, 1, 17, 9),
(461, 1, 17, 10),
(462, 1, 17, 11),
(463, 1, 17, 12),
(464, 1, 17, 13),
(465, 1, 17, 14),
(466, 1, 17, 15),
(467, 1, 17, 16),
(468, 1, 17, 17),
(469, 1, 17, 18),
(470, 1, 17, 19),
(471, 1, 17, 20),
(472, 1, 17, 21),
(473, 1, 17, 22),
(474, 1, 17, 23),
(475, 1, 17, 24),
(476, 1, 17, 25),
(477, 1, 18, 1),
(478, 1, 18, 2),
(479, 1, 18, 3),
(480, 1, 18, 4),
(481, 1, 18, 5),
(482, 1, 18, 6),
(483, 1, 18, 7),
(484, 1, 18, 8),
(485, 1, 18, 9),
(486, 1, 18, 10),
(487, 1, 18, 11),
(488, 1, 18, 12),
(489, 1, 18, 13),
(490, 1, 18, 14),
(491, 1, 18, 15),
(492, 1, 18, 16),
(493, 1, 18, 17),
(494, 1, 18, 18),
(495, 1, 18, 19),
(496, 1, 18, 20),
(497, 1, 18, 21),
(498, 1, 18, 22),
(499, 1, 18, 23),
(500, 1, 18, 24),
(501, 1, 18, 25),
(502, 1, 19, 1),
(503, 1, 19, 2),
(504, 1, 19, 3),
(505, 1, 19, 4),
(506, 1, 19, 5),
(507, 1, 19, 6),
(508, 1, 19, 7),
(509, 1, 19, 8),
(510, 1, 19, 9),
(511, 1, 19, 10),
(512, 1, 19, 11),
(513, 1, 19, 12),
(514, 1, 19, 13),
(515, 1, 19, 14),
(516, 1, 19, 15),
(517, 1, 19, 16),
(518, 1, 19, 17),
(519, 1, 19, 18),
(520, 1, 19, 19),
(521, 1, 19, 20),
(522, 1, 19, 21),
(523, 1, 19, 22),
(524, 1, 19, 23),
(525, 1, 19, 24),
(526, 1, 19, 25),
(527, 1, 20, 1),
(528, 1, 20, 2),
(529, 1, 20, 3),
(530, 1, 20, 4),
(531, 1, 20, 5),
(532, 1, 20, 6),
(533, 1, 20, 7),
(534, 1, 20, 8),
(535, 1, 20, 9),
(536, 1, 20, 10),
(537, 1, 20, 11),
(538, 1, 20, 12),
(539, 1, 20, 13),
(540, 1, 20, 14),
(541, 1, 20, 15),
(542, 1, 20, 16),
(543, 1, 20, 17),
(544, 1, 20, 18),
(545, 1, 20, 19),
(546, 1, 20, 20),
(547, 1, 20, 21),
(548, 1, 20, 22),
(549, 1, 20, 23),
(550, 1, 20, 24),
(551, 1, 20, 25),
(552, 1, 21, 1),
(553, 1, 21, 2),
(554, 1, 21, 3),
(555, 1, 21, 4),
(556, 1, 21, 5),
(557, 1, 21, 6),
(558, 1, 21, 7),
(559, 1, 13, 8),
(560, 1, 21, 9),
(561, 1, 21, 10),
(562, 1, 21, 11),
(563, 1, 21, 12),
(564, 1, 21, 13),
(565, 1, 21, 14),
(566, 1, 21, 15),
(567, 1, 21, 16),
(568, 1, 21, 17),
(569, 1, 21, 18),
(570, 1, 21, 19),
(571, 1, 21, 21),
(572, 1, 21, 21),
(573, 1, 21, 22),
(574, 1, 21, 23),
(575, 1, 21, 24),
(576, 1, 21, 25),
(577, 1, 22, 1),
(578, 1, 22, 2),
(579, 1, 22, 3),
(580, 1, 22, 4),
(581, 1, 22, 5),
(582, 1, 22, 6),
(583, 1, 22, 7),
(584, 1, 22, 8),
(585, 1, 22, 9),
(586, 1, 22, 10),
(587, 1, 22, 11),
(588, 1, 22, 12),
(589, 1, 22, 13),
(590, 1, 22, 14),
(591, 1, 22, 15),
(592, 1, 22, 16),
(593, 1, 22, 17),
(594, 1, 22, 18),
(595, 1, 22, 19),
(596, 1, 22, 22),
(597, 1, 22, 22),
(598, 1, 22, 22),
(599, 1, 22, 23),
(600, 1, 22, 24),
(601, 1, 22, 25),
(602, 1, 23, 1),
(603, 1, 23, 2),
(604, 1, 23, 3),
(605, 1, 23, 4),
(606, 1, 23, 5),
(607, 1, 23, 6),
(608, 1, 23, 7),
(609, 1, 23, 8),
(610, 1, 23, 9),
(611, 1, 23, 10),
(612, 1, 23, 11),
(613, 1, 23, 12),
(614, 1, 23, 13),
(615, 1, 23, 14),
(616, 1, 23, 15),
(617, 1, 23, 16),
(618, 1, 23, 17),
(619, 1, 23, 18),
(620, 1, 23, 19),
(621, 1, 23, 23),
(622, 1, 23, 23),
(623, 1, 23, 23),
(624, 1, 23, 23),
(625, 1, 23, 24),
(626, 1, 23, 25),
(627, 1, 24, 1),
(628, 1, 24, 2),
(629, 1, 24, 3),
(630, 1, 24, 4),
(631, 1, 24, 5),
(632, 1, 24, 6),
(633, 1, 24, 7),
(634, 1, 24, 8),
(635, 1, 24, 9),
(636, 1, 24, 10),
(637, 1, 24, 11),
(638, 1, 24, 12),
(639, 1, 24, 13),
(640, 1, 24, 14),
(641, 1, 24, 15),
(642, 1, 24, 16),
(643, 1, 24, 17),
(644, 1, 24, 18),
(645, 1, 24, 19),
(646, 1, 24, 24),
(647, 1, 24, 24),
(648, 1, 24, 24),
(649, 1, 24, 24),
(650, 1, 24, 24),
(651, 1, 24, 25),
(652, 1, 25, 1),
(653, 1, 25, 2),
(654, 1, 25, 3),
(655, 1, 25, 4),
(656, 1, 25, 5),
(657, 1, 25, 6),
(658, 1, 25, 7),
(659, 1, 25, 8),
(660, 1, 25, 9),
(661, 1, 25, 10),
(662, 1, 25, 11),
(663, 1, 25, 12),
(664, 1, 25, 13),
(665, 1, 25, 14),
(666, 1, 25, 15),
(667, 1, 25, 16),
(668, 1, 25, 17),
(669, 1, 25, 18),
(670, 1, 25, 19),
(671, 1, 25, 25),
(672, 1, 25, 25),
(673, 1, 25, 25),
(674, 1, 25, 25),
(675, 1, 25, 25),
(676, 1, 25, 25),
(977, 1, 26, 1),
(978, 1, 26, 2),
(979, 1, 26, 3),
(980, 1, 26, 4),
(981, 1, 26, 5),
(982, 1, 26, 6),
(983, 1, 26, 7),
(984, 1, 26, 8),
(985, 1, 26, 9),
(986, 1, 26, 10),
(987, 1, 26, 11),
(988, 1, 26, 12),
(989, 1, 26, 13),
(990, 1, 26, 14),
(991, 1, 26, 15),
(992, 1, 26, 16),
(993, 1, 26, 17),
(994, 1, 26, 18),
(995, 1, 26, 19),
(996, 1, 26, 20),
(997, 1, 26, 21),
(998, 1, 26, 22),
(999, 1, 26, 23),
(1000, 1, 26, 24),
(1001, 1, 26, 25),
(1002, 1, 27, 1),
(1003, 1, 27, 2),
(1004, 1, 27, 3),
(1005, 1, 27, 4),
(1006, 1, 27, 5),
(1007, 1, 27, 6),
(1008, 1, 27, 7),
(1009, 1, 27, 8),
(1010, 1, 27, 9),
(1011, 1, 27, 10),
(1012, 1, 27, 11),
(1013, 1, 27, 12),
(1014, 1, 27, 13),
(1015, 1, 27, 14),
(1016, 1, 27, 15),
(1017, 1, 27, 16),
(1018, 1, 27, 17),
(1019, 1, 27, 18),
(1020, 1, 27, 19),
(1021, 1, 27, 20),
(1022, 1, 27, 21),
(1023, 1, 27, 22),
(1024, 1, 27, 23),
(1025, 1, 27, 24),
(1026, 1, 27, 25),
(1027, 1, 28, 1),
(1028, 1, 28, 2),
(1029, 1, 28, 3),
(1030, 1, 28, 4),
(1031, 1, 28, 5),
(1032, 1, 28, 6),
(1033, 1, 28, 7),
(1034, 1, 28, 8),
(1035, 1, 28, 9),
(1036, 1, 28, 10),
(1037, 1, 28, 11),
(1038, 1, 28, 12),
(1039, 1, 28, 13),
(1040, 1, 28, 14),
(1041, 1, 28, 15),
(1042, 1, 28, 16),
(1043, 1, 28, 17),
(1044, 1, 28, 18),
(1045, 1, 28, 19),
(1046, 1, 28, 20),
(1047, 1, 28, 21),
(1048, 1, 28, 22),
(1049, 1, 28, 23),
(1050, 1, 28, 24),
(1051, 1, 28, 25),
(1052, 1, 29, 1),
(1053, 1, 29, 2),
(1054, 1, 29, 3),
(1055, 1, 29, 4),
(1056, 1, 29, 5),
(1057, 1, 29, 6),
(1058, 1, 29, 7),
(1059, 1, 29, 8),
(1060, 1, 29, 9),
(1061, 1, 29, 10),
(1062, 1, 29, 11),
(1063, 1, 29, 12),
(1064, 1, 29, 13),
(1065, 1, 29, 14),
(1066, 1, 29, 15),
(1067, 1, 29, 16),
(1068, 1, 29, 17),
(1069, 1, 29, 18),
(1070, 1, 29, 19),
(1071, 1, 29, 20),
(1072, 1, 29, 21),
(1073, 1, 29, 22),
(1074, 1, 29, 23),
(1075, 1, 29, 24),
(1076, 1, 29, 25),
(1077, 1, 30, 1),
(1078, 1, 30, 2),
(1079, 1, 30, 3),
(1080, 1, 30, 4),
(1081, 1, 30, 5),
(1082, 1, 30, 6),
(1083, 1, 30, 7),
(1084, 1, 30, 8),
(1085, 1, 30, 9),
(1086, 1, 30, 10),
(1087, 1, 30, 11),
(1088, 1, 30, 12),
(1089, 1, 30, 13),
(1090, 1, 30, 14),
(1091, 1, 30, 15),
(1092, 1, 30, 16),
(1093, 1, 30, 17),
(1094, 1, 30, 18),
(1095, 1, 30, 19),
(1096, 1, 30, 20),
(1097, 1, 30, 21),
(1098, 1, 30, 22),
(1099, 1, 30, 23),
(1100, 1, 30, 24),
(1101, 1, 30, 25),
(1102, 1, 31, 1),
(1103, 1, 31, 2),
(1104, 1, 31, 3),
(1105, 1, 31, 4),
(1106, 1, 31, 5),
(1107, 1, 31, 6),
(1108, 1, 31, 7),
(1109, 1, 31, 8),
(1110, 1, 31, 9),
(1111, 1, 31, 10),
(1112, 1, 31, 11),
(1113, 1, 31, 12),
(1114, 1, 31, 13),
(1115, 1, 31, 14),
(1116, 1, 31, 15),
(1117, 1, 31, 16),
(1118, 1, 31, 17),
(1119, 1, 31, 18),
(1120, 1, 31, 19),
(1121, 1, 31, 20),
(1122, 1, 31, 21),
(1123, 1, 31, 22),
(1124, 1, 31, 23),
(1125, 1, 31, 24),
(1126, 1, 31, 25),
(1127, 1, 32, 1),
(1128, 1, 32, 2),
(1129, 1, 32, 3),
(1130, 1, 32, 4),
(1131, 1, 32, 5),
(1132, 1, 32, 6),
(1133, 1, 32, 7),
(1134, 1, 32, 8),
(1135, 1, 32, 9),
(1136, 1, 32, 10),
(1137, 1, 32, 11),
(1138, 1, 32, 12),
(1139, 1, 32, 13),
(1140, 1, 32, 14),
(1141, 1, 32, 15),
(1142, 1, 32, 16),
(1143, 1, 32, 17),
(1144, 1, 32, 18),
(1145, 1, 32, 19),
(1146, 1, 32, 20),
(1147, 1, 32, 21),
(1148, 1, 32, 22),
(1149, 1, 32, 23),
(1150, 1, 32, 24),
(1151, 1, 32, 25),
(1152, 1, 33, 1),
(1153, 1, 33, 2),
(1154, 1, 33, 3),
(1155, 1, 33, 4),
(1156, 1, 33, 5),
(1157, 1, 33, 6),
(1158, 1, 33, 7),
(1159, 1, 33, 8),
(1160, 1, 33, 9),
(1161, 1, 33, 10),
(1162, 1, 33, 11),
(1163, 1, 33, 12),
(1164, 1, 33, 13),
(1165, 1, 33, 14),
(1166, 1, 33, 15),
(1167, 1, 33, 16),
(1168, 1, 33, 17),
(1169, 1, 33, 18),
(1170, 1, 33, 19),
(1171, 1, 33, 20),
(1172, 1, 33, 21),
(1173, 1, 33, 22),
(1174, 1, 33, 23),
(1175, 1, 33, 24),
(1176, 1, 33, 25),
(1177, 1, 34, 1),
(1178, 1, 34, 2),
(1179, 1, 34, 3),
(1180, 1, 34, 4),
(1181, 1, 34, 5),
(1182, 1, 34, 6),
(1183, 1, 34, 7),
(1184, 1, 34, 8),
(1185, 1, 34, 9),
(1186, 1, 34, 10),
(1187, 1, 34, 11),
(1188, 1, 34, 12),
(1189, 1, 34, 13),
(1190, 1, 34, 14),
(1191, 1, 34, 15),
(1192, 1, 34, 16),
(1193, 1, 34, 17),
(1194, 1, 34, 18),
(1195, 1, 34, 19),
(1196, 1, 34, 20),
(1197, 1, 34, 21),
(1198, 1, 34, 22),
(1199, 1, 34, 23),
(1200, 1, 34, 24),
(1201, 1, 34, 25),
(1202, 1, 35, 1),
(1203, 1, 35, 2),
(1204, 1, 35, 3),
(1205, 1, 35, 4),
(1206, 1, 35, 5),
(1207, 1, 35, 6),
(1208, 1, 35, 7),
(1209, 1, 35, 8),
(1210, 1, 35, 9),
(1211, 1, 35, 10),
(1212, 1, 35, 11),
(1213, 1, 35, 12),
(1214, 1, 35, 13),
(1215, 1, 35, 14),
(1216, 1, 35, 15),
(1217, 1, 35, 16),
(1218, 1, 35, 17),
(1219, 1, 35, 18),
(1220, 1, 35, 19),
(1221, 1, 35, 20),
(1222, 1, 35, 21),
(1223, 1, 35, 22),
(1224, 1, 35, 23),
(1225, 1, 35, 24),
(1226, 1, 35, 25),
(1227, 1, 36, 1),
(1228, 1, 36, 2),
(1229, 1, 36, 3),
(1230, 1, 36, 4),
(1231, 1, 36, 5),
(1232, 1, 36, 6),
(1233, 1, 36, 7),
(1234, 1, 36, 8),
(1235, 1, 36, 9),
(1236, 1, 36, 10),
(1237, 1, 36, 11),
(1238, 1, 36, 12),
(1239, 1, 36, 13),
(1240, 1, 36, 14),
(1241, 1, 36, 15),
(1242, 1, 36, 16),
(1243, 1, 36, 17),
(1244, 1, 36, 18),
(1245, 1, 36, 19),
(1246, 1, 36, 20),
(1247, 1, 36, 21),
(1248, 1, 36, 22),
(1249, 1, 36, 23),
(1250, 1, 36, 24),
(1251, 1, 36, 25),
(1252, 1, 37, 1),
(1253, 1, 37, 2),
(1254, 1, 37, 3),
(1255, 1, 37, 4),
(1256, 1, 37, 5),
(1257, 1, 37, 6),
(1258, 1, 37, 7),
(1259, 1, 37, 8),
(1260, 1, 37, 9),
(1261, 1, 37, 10),
(1262, 1, 37, 11),
(1263, 1, 37, 12),
(1264, 1, 37, 13),
(1265, 1, 37, 14),
(1266, 1, 37, 15),
(1267, 1, 37, 16),
(1268, 1, 37, 17),
(1269, 1, 37, 18),
(1270, 1, 37, 19),
(1271, 1, 37, 20),
(1272, 1, 37, 21),
(1273, 1, 37, 22),
(1274, 1, 37, 23),
(1275, 1, 37, 24),
(1276, 1, 37, 25),
(1277, 1, 38, 1),
(1278, 1, 38, 2),
(1279, 1, 38, 3),
(1280, 1, 38, 4),
(1281, 1, 38, 5),
(1282, 1, 38, 6),
(1283, 1, 38, 7),
(1284, 1, 38, 8),
(1285, 1, 38, 9),
(1286, 1, 38, 10),
(1287, 1, 38, 11),
(1288, 1, 38, 12),
(1289, 1, 38, 13),
(1290, 1, 38, 14),
(1291, 1, 38, 15),
(1292, 1, 38, 16),
(1293, 1, 38, 17),
(1294, 1, 38, 18),
(1295, 1, 38, 19),
(1296, 1, 38, 20),
(1297, 1, 38, 21),
(1298, 1, 38, 22),
(1299, 1, 38, 23),
(1300, 1, 38, 24),
(1301, 1, 38, 25),
(1302, 1, 39, 1),
(1303, 1, 39, 2),
(1304, 1, 39, 3),
(1305, 1, 39, 4),
(1306, 1, 39, 5),
(1307, 1, 39, 6),
(1308, 1, 39, 7),
(1309, 1, 39, 8),
(1310, 1, 39, 9),
(1311, 1, 39, 10),
(1312, 1, 39, 11),
(1313, 1, 39, 12),
(1314, 1, 39, 13),
(1315, 1, 39, 14),
(1316, 1, 39, 15),
(1317, 1, 39, 16),
(1318, 1, 39, 17),
(1319, 1, 39, 18),
(1320, 1, 39, 19),
(1321, 1, 39, 20),
(1322, 1, 39, 21),
(1323, 1, 39, 22),
(1324, 1, 39, 23),
(1325, 1, 39, 24),
(1326, 1, 39, 25),
(1327, 1, 40, 1),
(1328, 1, 40, 2),
(1329, 1, 40, 3),
(1330, 1, 40, 4),
(1331, 1, 40, 5),
(1332, 1, 40, 6),
(1333, 1, 40, 7),
(1334, 1, 40, 8),
(1335, 1, 40, 9),
(1336, 1, 40, 10),
(1337, 1, 40, 11),
(1338, 1, 40, 12),
(1339, 1, 40, 13),
(1340, 1, 40, 14),
(1341, 1, 40, 15),
(1342, 1, 40, 16),
(1343, 1, 40, 17),
(1344, 1, 40, 18),
(1345, 1, 40, 19),
(1346, 1, 40, 20),
(1347, 1, 40, 21),
(1348, 1, 40, 22),
(1349, 1, 40, 23),
(1350, 1, 40, 24),
(1351, 1, 40, 25),
(1352, 1, 41, 1),
(1353, 1, 41, 2),
(1354, 1, 41, 3),
(1355, 1, 41, 4),
(1356, 1, 41, 5),
(1357, 1, 41, 6),
(1358, 1, 41, 7),
(1359, 1, 41, 8),
(1360, 1, 41, 9),
(1361, 1, 41, 10),
(1362, 1, 41, 11),
(1363, 1, 41, 12),
(1364, 1, 41, 13),
(1365, 1, 41, 14),
(1366, 1, 41, 15),
(1367, 1, 41, 16),
(1368, 1, 41, 17),
(1369, 1, 41, 18),
(1370, 1, 41, 19),
(1371, 1, 41, 20),
(1372, 1, 41, 21),
(1373, 1, 41, 22),
(1374, 1, 41, 23),
(1375, 1, 41, 24),
(1376, 1, 41, 25),
(1377, 1, 42, 1),
(1378, 1, 42, 2),
(1379, 1, 42, 3),
(1380, 1, 42, 4),
(1381, 1, 42, 5),
(1382, 1, 42, 6),
(1383, 1, 42, 7),
(1384, 1, 42, 8),
(1385, 1, 42, 9),
(1386, 1, 42, 10),
(1387, 1, 42, 11),
(1388, 1, 42, 12),
(1389, 1, 42, 13),
(1390, 1, 42, 14),
(1391, 1, 42, 15),
(1392, 1, 42, 16),
(1393, 1, 42, 17),
(1394, 1, 42, 18),
(1395, 1, 42, 19),
(1396, 1, 42, 20),
(1397, 1, 42, 21),
(1398, 1, 42, 22),
(1399, 1, 42, 23),
(1400, 1, 42, 24),
(1401, 1, 42, 25),
(1402, 1, 43, 1),
(1403, 1, 43, 2),
(1404, 1, 43, 3),
(1405, 1, 43, 4),
(1406, 1, 43, 5),
(1407, 1, 43, 6),
(1408, 1, 43, 7),
(1409, 1, 43, 8),
(1410, 1, 43, 9),
(1411, 1, 43, 10),
(1412, 1, 43, 11),
(1413, 1, 43, 12),
(1414, 1, 43, 13),
(1415, 1, 43, 14),
(1416, 1, 43, 15),
(1417, 1, 43, 16),
(1418, 1, 43, 17),
(1419, 1, 43, 18),
(1420, 1, 43, 19),
(1421, 1, 43, 20),
(1422, 1, 43, 21),
(1423, 1, 43, 22),
(1424, 1, 43, 23),
(1425, 1, 43, 24),
(1426, 1, 43, 25),
(1427, 1, 44, 1),
(1428, 1, 44, 2),
(1429, 1, 44, 3),
(1430, 1, 44, 4),
(1431, 1, 44, 5),
(1432, 1, 44, 6),
(1433, 1, 44, 7),
(1434, 1, 44, 8),
(1435, 1, 44, 9),
(1436, 1, 44, 10),
(1437, 1, 44, 11),
(1438, 1, 44, 12),
(1439, 1, 44, 13),
(1440, 1, 44, 14),
(1441, 1, 44, 15),
(1442, 1, 44, 16),
(1443, 1, 44, 17),
(1444, 1, 44, 18),
(1445, 1, 44, 19),
(1446, 1, 44, 20),
(1447, 1, 44, 21),
(1448, 1, 44, 22),
(1449, 1, 44, 23),
(1450, 1, 44, 24),
(1451, 1, 44, 25),
(1453, 1, 45, 1),
(1454, 1, 45, 2),
(1455, 1, 45, 3),
(1456, 1, 45, 4),
(1457, 1, 45, 5),
(1458, 1, 45, 6),
(1459, 1, 45, 7),
(1460, 1, 45, 8),
(1461, 1, 45, 9),
(1462, 1, 45, 10),
(1463, 1, 45, 11),
(1464, 1, 45, 12),
(1465, 1, 45, 13),
(1466, 1, 45, 14),
(1467, 1, 45, 15),
(1468, 1, 45, 16),
(1469, 1, 45, 17),
(1470, 1, 45, 18),
(1471, 1, 45, 19),
(1472, 1, 45, 20),
(1473, 1, 45, 21),
(1474, 1, 45, 22),
(1475, 1, 45, 23),
(1476, 1, 45, 24),
(1477, 1, 45, 25),
(1478, 1, 46, 1),
(1479, 1, 46, 2),
(1480, 1, 46, 3),
(1481, 1, 46, 4),
(1482, 1, 46, 5),
(1483, 1, 46, 6),
(1484, 1, 46, 7),
(1485, 1, 46, 8),
(1486, 1, 46, 9),
(1487, 1, 46, 10),
(1488, 1, 46, 11),
(1489, 1, 46, 12),
(1490, 1, 46, 13),
(1491, 1, 46, 14),
(1492, 1, 46, 15),
(1493, 1, 46, 16),
(1494, 1, 46, 17),
(1495, 1, 46, 18),
(1496, 1, 46, 19),
(1497, 1, 46, 20),
(1498, 1, 46, 21),
(1499, 1, 46, 22),
(1500, 1, 46, 23),
(1501, 1, 46, 24),
(1502, 1, 46, 25),
(1503, 1, 47, 1),
(1504, 1, 47, 2),
(1505, 1, 47, 3),
(1506, 1, 47, 4),
(1507, 1, 47, 5),
(1508, 1, 47, 6),
(1509, 1, 47, 7),
(1510, 1, 47, 8),
(1511, 1, 47, 9),
(1512, 1, 47, 10),
(1513, 1, 47, 11),
(1514, 1, 47, 12),
(1515, 1, 47, 13),
(1516, 1, 47, 14),
(1517, 1, 47, 15),
(1518, 1, 47, 16),
(1519, 1, 47, 17),
(1520, 1, 47, 18),
(1521, 1, 47, 19),
(1522, 1, 47, 20),
(1523, 1, 47, 21),
(1524, 1, 47, 22),
(1525, 1, 47, 23),
(1526, 1, 47, 24),
(1527, 1, 47, 25),
(1528, 1, 48, 1),
(1529, 1, 48, 2),
(1530, 1, 48, 3),
(1531, 1, 48, 4),
(1532, 1, 48, 5),
(1533, 1, 48, 6),
(1534, 1, 48, 7),
(1535, 1, 48, 8),
(1536, 1, 48, 9),
(1537, 1, 48, 10),
(1538, 1, 48, 11),
(1539, 1, 48, 12),
(1540, 1, 48, 13),
(1541, 1, 48, 14),
(1542, 1, 48, 15),
(1543, 1, 48, 16),
(1544, 1, 48, 17),
(1545, 1, 48, 18),
(1546, 1, 48, 19),
(1547, 1, 48, 20),
(1548, 1, 48, 21),
(1549, 1, 48, 22),
(1550, 1, 48, 23),
(1551, 1, 48, 24),
(1552, 1, 48, 25),
(1553, 1, 49, 1),
(1554, 1, 49, 2),
(1555, 1, 49, 3),
(1556, 1, 49, 4),
(1557, 1, 49, 5),
(1558, 1, 49, 6),
(1559, 1, 49, 7),
(1560, 1, 49, 8),
(1561, 1, 49, 9),
(1562, 1, 49, 10),
(1563, 1, 49, 11),
(1564, 1, 49, 12),
(1565, 1, 49, 13),
(1566, 1, 49, 14),
(1567, 1, 49, 15),
(1568, 1, 49, 16),
(1569, 1, 49, 17),
(1570, 1, 49, 18),
(1571, 1, 49, 19),
(1572, 1, 49, 20),
(1573, 1, 49, 21),
(1574, 1, 49, 22),
(1575, 1, 49, 23),
(1576, 1, 49, 24),
(1577, 1, 49, 25),
(1578, 1, 50, 1),
(1579, 1, 50, 2),
(1580, 1, 50, 3),
(1581, 1, 50, 4),
(1582, 1, 50, 5),
(1583, 1, 50, 6),
(1584, 1, 50, 7),
(1585, 1, 50, 8),
(1586, 1, 50, 9),
(1587, 1, 50, 10),
(1588, 1, 50, 11),
(1589, 1, 50, 12),
(1590, 1, 50, 13),
(1591, 1, 50, 14),
(1592, 1, 50, 15),
(1593, 1, 50, 16),
(1594, 1, 50, 17),
(1595, 1, 50, 18),
(1596, 1, 50, 19),
(1597, 1, 50, 20),
(1598, 1, 50, 21),
(1599, 1, 50, 22),
(1600, 1, 50, 23),
(1601, 1, 50, 24),
(1602, 1, 50, 25),
(1628, 1, 51, 1),
(1629, 1, 51, 2),
(1630, 1, 51, 3),
(1631, 1, 51, 4),
(1632, 1, 51, 5),
(1633, 1, 51, 6),
(1634, 1, 51, 7),
(1635, 1, 51, 8),
(1636, 1, 51, 9),
(1637, 1, 51, 10),
(1638, 1, 51, 11),
(1639, 1, 51, 12),
(1640, 1, 51, 13),
(1641, 1, 51, 14),
(1642, 1, 51, 15),
(1643, 1, 51, 16),
(1644, 1, 51, 17),
(1645, 1, 51, 18),
(1646, 1, 51, 19),
(1647, 1, 51, 20),
(1648, 1, 51, 21),
(1649, 1, 51, 22),
(1650, 1, 51, 23),
(1651, 1, 51, 24),
(1652, 1, 51, 25),
(1653, 1, 52, 1),
(1654, 1, 52, 2),
(1655, 1, 52, 3),
(1656, 1, 52, 4),
(1657, 1, 52, 5),
(1658, 1, 52, 6),
(1659, 1, 52, 7),
(1660, 1, 52, 8),
(1661, 1, 52, 9),
(1662, 1, 52, 10),
(1663, 1, 52, 11),
(1664, 1, 52, 12),
(1665, 1, 52, 13),
(1666, 1, 52, 14),
(1667, 1, 52, 15),
(1668, 1, 52, 16),
(1669, 1, 52, 17),
(1670, 1, 52, 18),
(1671, 1, 52, 19),
(1672, 1, 52, 20),
(1673, 1, 52, 21),
(1674, 1, 52, 22),
(1675, 1, 52, 23),
(1676, 1, 52, 24),
(1677, 1, 52, 25),
(1678, 1, 53, 1),
(1679, 1, 53, 2),
(1680, 1, 53, 3),
(1681, 1, 53, 4),
(1682, 1, 53, 5),
(1683, 1, 53, 6),
(1684, 1, 53, 7),
(1685, 1, 53, 8),
(1686, 1, 53, 9),
(1687, 1, 53, 10),
(1688, 1, 53, 11),
(1689, 1, 53, 12),
(1690, 1, 53, 13),
(1691, 1, 53, 14),
(1692, 1, 53, 15),
(1693, 1, 53, 16),
(1694, 1, 53, 17),
(1695, 1, 53, 18),
(1696, 1, 53, 19),
(1697, 1, 53, 20),
(1698, 1, 53, 21),
(1699, 1, 53, 22),
(1700, 1, 53, 23),
(1701, 1, 53, 24),
(1702, 1, 53, 25),
(1703, 1, 54, 1),
(1704, 1, 54, 2),
(1705, 1, 54, 3),
(1706, 1, 54, 4),
(1707, 1, 54, 5),
(1708, 1, 54, 6),
(1709, 1, 54, 7),
(1710, 1, 54, 8),
(1711, 1, 54, 9),
(1712, 1, 54, 10),
(1713, 1, 54, 11),
(1714, 1, 54, 12),
(1715, 1, 54, 13),
(1716, 1, 54, 14),
(1717, 1, 54, 15),
(1718, 1, 54, 16),
(1719, 1, 54, 17),
(1720, 1, 54, 18),
(1721, 1, 54, 19),
(1722, 1, 54, 20),
(1723, 1, 54, 21),
(1724, 1, 54, 22),
(1725, 1, 54, 23),
(1726, 1, 54, 24),
(1727, 1, 54, 25),
(1728, 1, 55, 1),
(1729, 1, 55, 2),
(1730, 1, 55, 3),
(1731, 1, 55, 4),
(1732, 1, 55, 5),
(1733, 1, 55, 6),
(1734, 1, 55, 7),
(1735, 1, 55, 8),
(1736, 1, 55, 9),
(1737, 1, 55, 10),
(1738, 1, 55, 11),
(1739, 1, 55, 12),
(1740, 1, 55, 13),
(1741, 1, 55, 14),
(1742, 1, 55, 15),
(1743, 1, 55, 16),
(1744, 1, 55, 17),
(1745, 1, 55, 18),
(1746, 1, 55, 19),
(1747, 1, 55, 20),
(1748, 1, 55, 21),
(1749, 1, 55, 22),
(1750, 1, 55, 23),
(1751, 1, 55, 24),
(1752, 1, 55, 25),
(1753, 1, 56, 1),
(1754, 1, 56, 2),
(1755, 1, 56, 3),
(1756, 1, 56, 4),
(1757, 1, 56, 5),
(1758, 1, 56, 6),
(1759, 1, 56, 7),
(1760, 1, 56, 8),
(1761, 1, 56, 9),
(1762, 1, 56, 10),
(1763, 1, 56, 11),
(1764, 1, 56, 12),
(1765, 1, 56, 13),
(1766, 1, 56, 14),
(1767, 1, 56, 15),
(1768, 1, 56, 16),
(1769, 1, 56, 17),
(1770, 1, 56, 18),
(1771, 1, 56, 19),
(1772, 1, 56, 20),
(1773, 1, 56, 21),
(1774, 1, 56, 22),
(1775, 1, 56, 23),
(1776, 1, 56, 24),
(1777, 1, 56, 25),
(1778, 1, 57, 1),
(1779, 1, 57, 2),
(1780, 1, 57, 3),
(1781, 1, 57, 4),
(1782, 1, 57, 5),
(1783, 1, 57, 6),
(1784, 1, 57, 7),
(1785, 1, 57, 8),
(1786, 1, 57, 9),
(1787, 1, 57, 10),
(1788, 1, 57, 11),
(1789, 1, 57, 12),
(1790, 1, 57, 13),
(1791, 1, 57, 14),
(1792, 1, 57, 15),
(1793, 1, 57, 16),
(1794, 1, 57, 17),
(1795, 1, 57, 18),
(1796, 1, 57, 19),
(1797, 1, 57, 20),
(1798, 1, 57, 21),
(1799, 1, 57, 22),
(1800, 1, 57, 23),
(1801, 1, 57, 24),
(1802, 1, 57, 25),
(1803, 1, 58, 1),
(1804, 1, 58, 2),
(1805, 1, 58, 3),
(1806, 1, 58, 4),
(1807, 1, 58, 5),
(1808, 1, 58, 6),
(1809, 1, 58, 7),
(1810, 1, 58, 8),
(1811, 1, 58, 9),
(1812, 1, 58, 10),
(1813, 1, 58, 11),
(1814, 1, 58, 12),
(1815, 1, 58, 13),
(1816, 1, 58, 14),
(1817, 1, 58, 15),
(1818, 1, 58, 16),
(1819, 1, 58, 17),
(1820, 1, 58, 18),
(1821, 1, 58, 19),
(1822, 1, 58, 20),
(1823, 1, 58, 21),
(1824, 1, 58, 22),
(1825, 1, 58, 23),
(1826, 1, 58, 24),
(1827, 1, 58, 25),
(1828, 1, 59, 1),
(1829, 1, 59, 2),
(1830, 1, 59, 3),
(1831, 1, 59, 4),
(1832, 1, 59, 5),
(1833, 1, 59, 6),
(1834, 1, 59, 7),
(1835, 1, 59, 8),
(1836, 1, 59, 9),
(1837, 1, 59, 10),
(1838, 1, 59, 11),
(1839, 1, 59, 12),
(1840, 1, 59, 13),
(1841, 1, 59, 14),
(1842, 1, 59, 15),
(1843, 1, 59, 16),
(1844, 1, 59, 17),
(1845, 1, 59, 18),
(1846, 1, 59, 19),
(1847, 1, 59, 20),
(1848, 1, 59, 21),
(1849, 1, 59, 22),
(1850, 1, 59, 23),
(1851, 1, 59, 24),
(1852, 1, 59, 25),
(1853, 1, 60, 1),
(1854, 1, 60, 2),
(1855, 1, 60, 3),
(1856, 1, 60, 4),
(1857, 1, 60, 5),
(1858, 1, 60, 6),
(1859, 1, 60, 7),
(1860, 1, 60, 8),
(1861, 1, 60, 9),
(1862, 1, 60, 10),
(1863, 1, 60, 11),
(1864, 1, 60, 12),
(1865, 1, 60, 13),
(1866, 1, 60, 14),
(1867, 1, 60, 15),
(1868, 1, 60, 16),
(1869, 1, 60, 17),
(1870, 1, 60, 18),
(1871, 1, 60, 19),
(1872, 1, 60, 20),
(1873, 1, 60, 21),
(1874, 1, 60, 22),
(1875, 1, 60, 23),
(1876, 1, 60, 24),
(1877, 1, 60, 25),
(1878, 1, 61, 1),
(1879, 1, 61, 2),
(1880, 1, 61, 3),
(1881, 1, 61, 4),
(1882, 1, 61, 5),
(1883, 1, 61, 6),
(1884, 1, 61, 7),
(1885, 1, 61, 8),
(1886, 1, 61, 9),
(1887, 1, 61, 10),
(1888, 1, 61, 11),
(1889, 1, 61, 12),
(1890, 1, 61, 13),
(1891, 1, 61, 14),
(1892, 1, 61, 15),
(1893, 1, 61, 16),
(1894, 1, 61, 17),
(1895, 1, 61, 18),
(1896, 1, 61, 19),
(1897, 1, 61, 20),
(1898, 1, 61, 21),
(1899, 1, 61, 22),
(1900, 1, 61, 23),
(1901, 1, 61, 24),
(1902, 1, 61, 25),
(1903, 1, 62, 1),
(1904, 1, 62, 2),
(1905, 1, 62, 3),
(1906, 1, 62, 4),
(1907, 1, 62, 5),
(1908, 1, 62, 6),
(1909, 1, 62, 7),
(1910, 1, 62, 8),
(1911, 1, 62, 9),
(1912, 1, 62, 10),
(1913, 1, 62, 11),
(1914, 1, 62, 12),
(1915, 1, 62, 13),
(1916, 1, 62, 14),
(1917, 1, 62, 15),
(1918, 1, 62, 16),
(1919, 1, 62, 17),
(1920, 1, 62, 18),
(1921, 1, 62, 19),
(1922, 1, 62, 20),
(1923, 1, 62, 21),
(1924, 1, 62, 22),
(1925, 1, 62, 23),
(1926, 1, 62, 24),
(1927, 1, 62, 25),
(1928, 1, 63, 1),
(1929, 1, 63, 2),
(1930, 1, 63, 3),
(1931, 1, 63, 4),
(1932, 1, 63, 5),
(1933, 1, 63, 6),
(1934, 1, 63, 7),
(1935, 1, 63, 8),
(1936, 1, 63, 9),
(1937, 1, 63, 10),
(1938, 1, 63, 11),
(1939, 1, 63, 12),
(1940, 1, 63, 13),
(1941, 1, 63, 14),
(1942, 1, 63, 15),
(1943, 1, 63, 16),
(1944, 1, 63, 17),
(1945, 1, 63, 18),
(1946, 1, 63, 19),
(1947, 1, 63, 20),
(1948, 1, 63, 21),
(1949, 1, 63, 22),
(1950, 1, 63, 23),
(1951, 1, 63, 24),
(1952, 1, 63, 25),
(1953, 1, 64, 1),
(1954, 1, 64, 2),
(1955, 1, 64, 3),
(1956, 1, 64, 4),
(1957, 1, 64, 5),
(1958, 1, 64, 6),
(1959, 1, 64, 7),
(1960, 1, 64, 8),
(1961, 1, 64, 9),
(1962, 1, 64, 10),
(1963, 1, 64, 11),
(1964, 1, 64, 12),
(1965, 1, 64, 13),
(1966, 1, 64, 14),
(1967, 1, 64, 15),
(1968, 1, 64, 16),
(1969, 1, 64, 17),
(1970, 1, 64, 18),
(1971, 1, 64, 19),
(1972, 1, 64, 20),
(1973, 1, 64, 21),
(1974, 1, 64, 22),
(1975, 1, 64, 23),
(1976, 1, 64, 24),
(1977, 1, 64, 25),
(1978, 1, 65, 1),
(1979, 1, 65, 2),
(1980, 1, 65, 3),
(1981, 1, 65, 4),
(1982, 1, 65, 5),
(1983, 1, 65, 6),
(1984, 1, 65, 7),
(1985, 1, 65, 8),
(1986, 1, 65, 9),
(1987, 1, 65, 10),
(1988, 1, 65, 11),
(1989, 1, 65, 12),
(1990, 1, 65, 13),
(1991, 1, 65, 14),
(1992, 1, 65, 15),
(1993, 1, 65, 16),
(1994, 1, 65, 17),
(1995, 1, 65, 18),
(1996, 1, 65, 19),
(1997, 1, 65, 20),
(1998, 1, 65, 21),
(1999, 1, 65, 22),
(2000, 1, 65, 23),
(2001, 1, 65, 24),
(2002, 1, 65, 25),
(2003, 1, 66, 1),
(2004, 1, 66, 2),
(2005, 1, 66, 3),
(2006, 1, 66, 4),
(2007, 1, 66, 5),
(2008, 1, 66, 6),
(2009, 1, 66, 7),
(2010, 1, 66, 8),
(2011, 1, 66, 9),
(2012, 1, 66, 10),
(2013, 1, 66, 11),
(2014, 1, 66, 12),
(2015, 1, 66, 13),
(2016, 1, 66, 14),
(2017, 1, 66, 15),
(2018, 1, 66, 16),
(2019, 1, 66, 17),
(2020, 1, 66, 18),
(2021, 1, 66, 19),
(2022, 1, 66, 20),
(2023, 1, 66, 21),
(2024, 1, 66, 22),
(2025, 1, 66, 23),
(2026, 1, 66, 24),
(2027, 1, 66, 25),
(2028, 1, 67, 1),
(2029, 1, 67, 2),
(2030, 1, 67, 3),
(2031, 1, 67, 4),
(2032, 1, 67, 5),
(2033, 1, 67, 6),
(2034, 1, 67, 7),
(2035, 1, 67, 8),
(2036, 1, 67, 9),
(2037, 1, 67, 10),
(2038, 1, 67, 11),
(2039, 1, 67, 12),
(2040, 1, 67, 13),
(2041, 1, 67, 14),
(2042, 1, 67, 15),
(2043, 1, 67, 16),
(2044, 1, 67, 17),
(2045, 1, 67, 18),
(2046, 1, 67, 19),
(2047, 1, 67, 20),
(2048, 1, 67, 21),
(2049, 1, 67, 22),
(2050, 1, 67, 23),
(2051, 1, 67, 24),
(2052, 1, 67, 25),
(2054, 1, 68, 1),
(2055, 1, 68, 2),
(2056, 1, 68, 3),
(2057, 1, 68, 4),
(2058, 1, 68, 5),
(2059, 1, 68, 6),
(2060, 1, 68, 7),
(2061, 1, 68, 8),
(2062, 1, 68, 9),
(2063, 1, 68, 10),
(2064, 1, 68, 11),
(2065, 1, 68, 12),
(2066, 1, 68, 13),
(2067, 1, 68, 14),
(2068, 1, 68, 15),
(2069, 1, 68, 16),
(2070, 1, 68, 17),
(2071, 1, 68, 18),
(2072, 1, 68, 19),
(2073, 1, 68, 20),
(2074, 1, 68, 21),
(2075, 1, 68, 22),
(2076, 1, 68, 23),
(2077, 1, 68, 24),
(2078, 1, 68, 25),
(2079, 1, 69, 1),
(2080, 1, 69, 2),
(2081, 1, 69, 3),
(2082, 1, 69, 4),
(2083, 1, 69, 5),
(2084, 1, 69, 6),
(2085, 1, 69, 7),
(2086, 1, 69, 8),
(2087, 1, 69, 9),
(2088, 1, 69, 10),
(2089, 1, 69, 11),
(2090, 1, 69, 12),
(2091, 1, 69, 13),
(2092, 1, 69, 14),
(2093, 1, 69, 15),
(2094, 1, 69, 16),
(2095, 1, 69, 17),
(2096, 1, 69, 18),
(2097, 1, 69, 19),
(2098, 1, 69, 20),
(2099, 1, 69, 21),
(2100, 1, 69, 22),
(2101, 1, 69, 23),
(2102, 1, 69, 24),
(2103, 1, 69, 25),
(2104, 1, 70, 1),
(2105, 1, 70, 2),
(2106, 1, 70, 3),
(2107, 1, 70, 4),
(2108, 1, 70, 5),
(2109, 1, 70, 6),
(2110, 1, 70, 7),
(2111, 1, 70, 8),
(2112, 1, 70, 9),
(2113, 1, 70, 10),
(2114, 1, 70, 11),
(2115, 1, 70, 12),
(2116, 1, 70, 13),
(2117, 1, 70, 14),
(2118, 1, 70, 15),
(2119, 1, 70, 16),
(2120, 1, 70, 17),
(2121, 1, 70, 18),
(2122, 1, 70, 19),
(2123, 1, 70, 20),
(2124, 1, 70, 21),
(2125, 1, 70, 22),
(2126, 1, 70, 23),
(2127, 1, 70, 24),
(2128, 1, 70, 25),
(2129, 1, 71, 1),
(2130, 1, 71, 2),
(2131, 1, 71, 3),
(2132, 1, 71, 4),
(2133, 1, 71, 5),
(2134, 1, 71, 6),
(2135, 1, 71, 7),
(2136, 1, 71, 8),
(2137, 1, 71, 9),
(2138, 1, 71, 10),
(2139, 1, 71, 11),
(2140, 1, 71, 12),
(2141, 1, 71, 13),
(2142, 1, 71, 14),
(2143, 1, 71, 15),
(2144, 1, 71, 16),
(2145, 1, 71, 17),
(2146, 1, 71, 18),
(2147, 1, 71, 19),
(2148, 1, 71, 20),
(2149, 1, 71, 21),
(2150, 1, 71, 22),
(2151, 1, 71, 23),
(2152, 1, 71, 24),
(2153, 1, 71, 25),
(2154, 1, 72, 1),
(2155, 1, 72, 2),
(2156, 1, 72, 3),
(2157, 1, 72, 4),
(2158, 1, 72, 5),
(2159, 1, 72, 6),
(2160, 1, 72, 7),
(2161, 1, 72, 8),
(2162, 1, 72, 9),
(2163, 1, 72, 10),
(2164, 1, 72, 11),
(2165, 1, 72, 12),
(2166, 1, 72, 13),
(2167, 1, 72, 14),
(2168, 1, 72, 15),
(2169, 1, 72, 16),
(2170, 1, 72, 17),
(2171, 1, 72, 18),
(2172, 1, 72, 19),
(2173, 1, 72, 20),
(2174, 1, 72, 21),
(2175, 1, 72, 22),
(2176, 1, 72, 23),
(2177, 1, 72, 24),
(2178, 1, 72, 25),
(2179, 1, 73, 1),
(2180, 1, 73, 2),
(2181, 1, 73, 3),
(2182, 1, 73, 4),
(2183, 1, 73, 5),
(2184, 1, 73, 6),
(2185, 1, 73, 7),
(2186, 1, 73, 8),
(2187, 1, 73, 9),
(2188, 1, 73, 10),
(2189, 1, 73, 11),
(2190, 1, 73, 12),
(2191, 1, 73, 13),
(2192, 1, 73, 14),
(2193, 1, 73, 15),
(2194, 1, 73, 16),
(2195, 1, 73, 17),
(2196, 1, 73, 18),
(2197, 1, 73, 19),
(2198, 1, 73, 20),
(2199, 1, 73, 21),
(2200, 1, 73, 22),
(2201, 1, 73, 23),
(2202, 1, 73, 24),
(2203, 1, 73, 25),
(2204, 1, 74, 1),
(2205, 1, 74, 2),
(2206, 1, 74, 3),
(2207, 1, 74, 4),
(2208, 1, 74, 5),
(2209, 1, 74, 6),
(2210, 1, 74, 7),
(2211, 1, 74, 8),
(2212, 1, 74, 9),
(2213, 1, 74, 10),
(2214, 1, 74, 11),
(2215, 1, 74, 12),
(2216, 1, 74, 13),
(2217, 1, 74, 14),
(2218, 1, 74, 15),
(2219, 1, 74, 16),
(2220, 1, 74, 17),
(2221, 1, 74, 18),
(2222, 1, 74, 19),
(2223, 1, 74, 20),
(2224, 1, 74, 21),
(2225, 1, 74, 22),
(2226, 1, 74, 23),
(2227, 1, 74, 24),
(2228, 1, 74, 25),
(2229, 1, 75, 1),
(2230, 1, 75, 2),
(2231, 1, 75, 3),
(2232, 1, 75, 4),
(2233, 1, 75, 5),
(2234, 1, 75, 6),
(2235, 1, 75, 7),
(2236, 1, 75, 8),
(2237, 1, 75, 9),
(2238, 1, 75, 10),
(2239, 1, 75, 11),
(2240, 1, 75, 12),
(2241, 1, 75, 13),
(2242, 1, 75, 14),
(2243, 1, 75, 15),
(2244, 1, 75, 16),
(2245, 1, 75, 17),
(2246, 1, 75, 18),
(2247, 1, 75, 19),
(2248, 1, 75, 20),
(2249, 1, 75, 21),
(2250, 1, 75, 22),
(2251, 1, 75, 23),
(2252, 1, 75, 24),
(2253, 1, 75, 25),
(2254, 1, 76, 1),
(2255, 1, 76, 2),
(2256, 1, 76, 3),
(2257, 1, 76, 4),
(2258, 1, 76, 5),
(2259, 1, 76, 6),
(2260, 1, 76, 7),
(2261, 1, 76, 8),
(2262, 1, 76, 9),
(2263, 1, 76, 10),
(2264, 1, 76, 11),
(2265, 1, 76, 12),
(2266, 1, 76, 13),
(2267, 1, 76, 14),
(2268, 1, 76, 15),
(2269, 1, 76, 16),
(2270, 1, 76, 17),
(2271, 1, 76, 18),
(2272, 1, 76, 19),
(2273, 1, 76, 20),
(2274, 1, 76, 21),
(2275, 1, 76, 22),
(2276, 1, 76, 23),
(2277, 1, 76, 24),
(2278, 1, 76, 25),
(2279, 1, 77, 1),
(2280, 1, 77, 2),
(2281, 1, 77, 3),
(2282, 1, 77, 4),
(2283, 1, 77, 5),
(2284, 1, 77, 6),
(2285, 1, 77, 7),
(2286, 1, 77, 8),
(2287, 1, 77, 9),
(2288, 1, 77, 10),
(2289, 1, 77, 11),
(2290, 1, 77, 12),
(2291, 1, 77, 13),
(2292, 1, 77, 14),
(2293, 1, 77, 15),
(2294, 1, 77, 16),
(2295, 1, 77, 17),
(2296, 1, 77, 18),
(2297, 1, 77, 19),
(2298, 1, 77, 20),
(2299, 1, 77, 21),
(2300, 1, 77, 22),
(2301, 1, 77, 23),
(2302, 1, 77, 24),
(2303, 1, 77, 25);

--
-- Indexes for dumped tables
--

--
-- Indexes for table `DQS_Department`
--
ALTER TABLE `DQS_Department`
  ADD PRIMARY KEY (`dep_id`);

--
-- Indexes for table `DQS_Document`
--
ALTER TABLE `DQS_Document`
  ADD PRIMARY KEY (`doc_id`),
  ADD KEY `doc_mem_id` (`doc_mem_id`),
  ADD KEY `doc_fol_id` (`doc_fol_id`);

--
-- Indexes for table `DQS_Folder`
--
ALTER TABLE `DQS_Folder`
  ADD PRIMARY KEY (`fol_id`),
  ADD KEY `fol_mem_id` (`fol_mem_id`);

--
-- Indexes for table `DQS_Member`
--
ALTER TABLE `DQS_Member`
  ADD PRIMARY KEY (`mem_id`),
  ADD KEY `mem_dep_id` (`mem_dep_id`),
  ADD KEY `mem_pref_id` (`mem_pref_id`),
  ADD KEY `mem_pro_id` (`mem_pro_id`);

--
-- Indexes for table `DQS_Prefix`
--
ALTER TABLE `DQS_Prefix`
  ADD PRIMARY KEY (`pref_id`);

--
-- Indexes for table `DQS_Province`
--
ALTER TABLE `DQS_Province`
  ADD PRIMARY KEY (`pro_id`);

--
-- Indexes for table `DQS_Qrcode`
--
ALTER TABLE `DQS_Qrcode`
  ADD PRIMARY KEY (`qr_id`),
  ADD KEY `qr_mem_id` (`qr_mem_id`),
  ADD KEY `qr_doc_id` (`qr_doc_id`);

--
-- Indexes for table `DQS_Station_State_of_Province`
--
ALTER TABLE `DQS_Station_State_of_Province`
  ADD PRIMARY KEY (`station_id`),
  ADD KEY `station_pro_id` (`station_pro_id`),
  ADD KEY `station_dep_id` (`station_dep_id`);

--
-- AUTO_INCREMENT for dumped tables
--

--
-- AUTO_INCREMENT for table `DQS_Department`
--
ALTER TABLE `DQS_Department`
  MODIFY `dep_id` int(11) NOT NULL AUTO_INCREMENT COMMENT 'จำนวน หน่วยงาน', AUTO_INCREMENT=41;

--
-- AUTO_INCREMENT for table `DQS_Document`
--
ALTER TABLE `DQS_Document`
  MODIFY `doc_id` int(11) NOT NULL AUTO_INCREMENT, AUTO_INCREMENT=41;

--
-- AUTO_INCREMENT for table `DQS_Folder`
--
ALTER TABLE `DQS_Folder`
  MODIFY `fol_id` int(11) NOT NULL AUTO_INCREMENT COMMENT 'จำนวน folder', AUTO_INCREMENT=29;

--
-- AUTO_INCREMENT for table `DQS_Member`
--
ALTER TABLE `DQS_Member`
  MODIFY `mem_id` int(11) NOT NULL AUTO_INCREMENT COMMENT 'จำนวนสมาชิก', AUTO_INCREMENT=15;

--
-- AUTO_INCREMENT for table `DQS_Prefix`
--
ALTER TABLE `DQS_Prefix`
  MODIFY `pref_id` int(1) NOT NULL AUTO_INCREMENT COMMENT 'รหัสคํานําหน้า', AUTO_INCREMENT=4;

--
-- AUTO_INCREMENT for table `DQS_Province`
--
ALTER TABLE `DQS_Province`
  MODIFY `pro_id` int(3) NOT NULL AUTO_INCREMENT COMMENT 'รหัสจังหวัด', AUTO_INCREMENT=78;

--
-- AUTO_INCREMENT for table `DQS_Qrcode`
--
ALTER TABLE `DQS_Qrcode`
  MODIFY `qr_id` int(11) NOT NULL AUTO_INCREMENT COMMENT 'จำนวน QR', AUTO_INCREMENT=35;

--
-- AUTO_INCREMENT for table `DQS_Station_State_of_Province`
--
ALTER TABLE `DQS_Station_State_of_Province`
  MODIFY `station_id` int(11) NOT NULL AUTO_INCREMENT COMMENT 'รหัสตําแหน่ง', AUTO_INCREMENT=2668;

--
-- Constraints for dumped tables
--

--
-- Constraints for table `DQS_Document`
--
ALTER TABLE `DQS_Document`
  ADD CONSTRAINT `DQS_Document_ibfk_1` FOREIGN KEY (`doc_mem_id`) REFERENCES `DQS_Member` (`mem_id`),
  ADD CONSTRAINT `DQS_Document_ibfk_2` FOREIGN KEY (`doc_fol_id`) REFERENCES `DQS_Folder` (`fol_id`);

--
-- Constraints for table `DQS_Folder`
--
ALTER TABLE `DQS_Folder`
  ADD CONSTRAINT `DQS_Folder_ibfk_1` FOREIGN KEY (`fol_mem_id`) REFERENCES `DQS_Member` (`mem_id`);

--
-- Constraints for table `DQS_Member`
--
ALTER TABLE `DQS_Member`
  ADD CONSTRAINT `DQS_Member_ibfk_1` FOREIGN KEY (`mem_pro_id`) REFERENCES `DQS_Province` (`pro_id`);

--
-- Constraints for table `DQS_Qrcode`
--
ALTER TABLE `DQS_Qrcode`
  ADD CONSTRAINT `DQS_Qrcode_ibfk_1` FOREIGN KEY (`qr_mem_id`) REFERENCES `DQS_Member` (`mem_id`),
  ADD CONSTRAINT `DQS_Qrcode_ibfk_2` FOREIGN KEY (`qr_doc_id`) REFERENCES `DQS_Document` (`doc_id`);
COMMIT;

/*!40101 SET CHARACTER_SET_CLIENT=@OLD_CHARACTER_SET_CLIENT */;
/*!40101 SET CHARACTER_SET_RESULTS=@OLD_CHARACTER_SET_RESULTS */;
/*!40101 SET COLLATION_CONNECTION=@OLD_COLLATION_CONNECTION */;
